{"listObjs":[{"pos":{"x":7.690000057220459,"y":-3.1700000762939455,"z":-10.0},"rot":{"x":0.0,"y":0.0,"z":0.0},"sca":{"x":1.0,"y":1.0,"z":1.0},"name":"circle"}]}